English;United Kingdom;Malta;Ireland;
Swedish;Sweden;Finland;
Spanish;Spain;
Slovenian;Solvenia;
Slovak;Slovakia;
Romanian;Romania;
Protugese;Portugal;
Polish;Poland;
Dutch;Netherlands;Belgium;
Maltese;Malta;
French;Luxembourg;France;Belgium;
German;Luxembourg;Germany;Belgium;Austria;
Lithuanian;Lithuania;
Latvian;Latvia;
Italien;Italy;
Irish;Ireland;
Hungarian;Hungary;
Greek;Greece;Cyprus;
Finnish;Finland;
Estonian;Estonia;
Danish;Denmark;
Czech;Czech Republic;
Croatian;Croatia;
Bulgarian;Bulgaria;
